{
  "model_names": [
    "model_1.h5",
    "model_2.h5",
    "model_3.h5",
    "model_4.h5",
    "model_5.h5",
    "model_6.h5",
    "model_7.h5",
    "model_8.h5"
  ],
  "equal_weight_ensemble_acc": 0.7894216510133465,
  "stacking_acc": 0.7814814814814814,
  "best_val_weight_acc": 0.7980214344600165,
  "best_val_weights": [
    0.24579967397780705,
    0.215361942435223,
    0.09290949007954827,
    0.006322252246081519,
    0.27973297515319345,
    0.006274473329864677,
    0.06467493330398559,
    0.08892425947429647
  ],
  "best_test_weight_acc": 0.7901234567901234,
  "proportional_weights": [
    0.12019583843329254,
    0.12533659730722155,
    0.125499796001632,
    0.12468380252957977,
    0.12884536923704612,
    0.12460220318237455,
    0.12827417380660955,
    0.12256221950224398
  ],
  "proportional_weights_acc": 0.7889273356401384
}