{
  "Cat (0)": {
    "precision": 0.882960413080895,
    "recall": 0.8465346534653465,
    "f1-score": 0.8643639427127211,
    "support": 606.0
  },
  "Dog (1)": {
    "precision": 0.8528481012658228,
    "recall": 0.8879736408566722,
    "f1-score": 0.8700564971751412,
    "support": 607.0
  },
  "accuracy": 0.8672712283594394,
  "macro avg": {
    "precision": 0.8679042571733588,
    "recall": 0.8672541471610093,
    "f1-score": 0.8672102199439311,
    "support": 1213.0
  },
  "weighted avg": {
    "precision": 0.8678918448436742,
    "recall": 0.8672712283594394,
    "f1-score": 0.8672125664214505,
    "support": 1213.0
  }
}