{
  "Cat (0)": {
    "precision": 0.7807153965785381,
    "recall": 0.8283828382838284,
    "f1-score": 0.8038430744595677,
    "support": 606.0
  },
  "Dog (1)": {
    "precision": 0.8175438596491228,
    "recall": 0.7677100494233937,
    "f1-score": 0.7918436703483432,
    "support": 607.0
  },
  "accuracy": 0.7980214344600165,
  "macro avg": {
    "precision": 0.7991296281138305,
    "recall": 0.798046443853611,
    "f1-score": 0.7978433724039555,
    "support": 1213.0
  },
  "weighted avg": {
    "precision": 0.7991448088488142,
    "recall": 0.7980214344600165,
    "f1-score": 0.7978384262357315,
    "support": 1213.0
  }
}