{
  "model_names": [
    "model_1.h5",
    "model_2.h5",
    "model_3.h5",
    "model_4.h5",
    "model_5.h5",
    "model_6.h5",
    "model_7.h5",
    "model_8.h5"
  ],
  "equal_weight_ensemble_acc": 0.851705388037568,
  "stacking_acc": 0.8432098765432099,
  "best_val_weight_acc": 0.8672712283594394,
  "best_val_weights": [
    0.17692867889305078,
    0.0014192672752449567,
    0.24088753311233282,
    0.09439618703083175,
    0.014449717163476478,
    0.2348666166879993,
    0.1972106050850756,
    0.03984139475198837
  ],
  "best_test_weight_acc": 0.8407407407407408,
  "proportional_weights": [
    0.12308159854125512,
    0.12277769335967179,
    0.12665248442485944,
    0.12452514815377601,
    0.12634857924327608,
    0.12460112444917185,
    0.1280200577419845,
    0.12399331408600517
  ],
  "proportional_weights_acc": 0.851705388037568
}