{
  "Cat (0)": {
    "precision": 0.8751300728407908,
    "recall": 0.8318496538081108,
    "f1-score": 0.8529411764705882,
    "support": 1011.0
  },
  "Dog (1)": {
    "precision": 0.839924670433145,
    "recall": 0.8814229249011858,
    "f1-score": 0.8601735776277725,
    "support": 1012.0
  },
  "accuracy": 0.856648541769649,
  "macro avg": {
    "precision": 0.8575273716369679,
    "recall": 0.8566362893546483,
    "f1-score": 0.8565573770491803,
    "support": 2023.0
  },
  "weighted avg": {
    "precision": 0.8575186703511529,
    "recall": 0.856648541769649,
    "f1-score": 0.856559164592719,
    "support": 2023.0
  }
}