{
  "Cat (0)": {
    "precision": 0.7744014732965009,
    "recall": 0.8318496538081108,
    "f1-score": 0.8020982355746304,
    "support": 1011.0
  },
  "Dog (1)": {
    "precision": 0.8185699039487727,
    "recall": 0.7579051383399209,
    "f1-score": 0.7870702924576706,
    "support": 1012.0
  },
  "accuracy": 0.7948591201186357,
  "macro avg": {
    "precision": 0.7964856886226368,
    "recall": 0.7948773960740159,
    "f1-score": 0.7945842640161505,
    "support": 2023.0
  },
  "weighted avg": {
    "precision": 0.7964966051897778,
    "recall": 0.7948591201186357,
    "f1-score": 0.7945805497444953,
    "support": 2023.0
  }
}